{
    "properties" : [{
        "model_part_name" : "ThermalModelPart.Fluid",
        "properties_id"   : 1,
        "Material"        : {
            "Variables" : {
                "DENSITY"       : 1.0,
                "CONDUCTIVITY"  : 1.0,
                "SPECIFIC_HEAT" : 1.0e3
            },
            "Tables"    : null
        }
    },{
        "model_part_name" : "ThermalModelPart.Walls",
        "properties_id"   : 2,
        "Material"        : {
            "Variables" : {
            },
            "Tables"    : null
        }
    },{
        "model_part_name" : "ThermalModelPart.Lid",
        "properties_id"   : 2,
        "Material"        : {
            "Variables" : {
            },
            "Tables"    : null
        }
    }]
}
