{
    "orchestrator" : {
        "name" : "Orchestrators.KratosMultiphysics.SequentialOrchestrator",
        "settings" : {
            "echo_level" : 0,
            // "execution_list" : ["fluid_stage"],
            "execution_list" : ["fluid_stage", "thermal_stage"],
            "load_from_checkpoint" : null,
            "stage_checkpoints" : false
        }
    },
    "stages" : {
        "fluid_stage" : {
            "stage_preprocess" : {
                "modelers" : [{
                    "name" : "Modelers.KratosMultiphysics.ImportMDPAModeler",
                    "parameters" : {
                        "input_filename"  : "multiphysics_example",
                        "model_part_name" : "FluidModelPart"
                    }
                },{
                    "name" : "Modelers.KratosMultiphysics.CreateEntitiesFromGeometriesModeler",
                    "parameters" : {
                        "elements_list"   : [{
                            "model_part_name" : "FluidModelPart.Fluid",
                            "element_name"    : "Element2D3N"
                        }],
                        "conditions_list" : [{
                            "model_part_name" : "FluidModelPart.Walls",
                            "condition_name"  : "WallCondition2D2N"
                        }]
                    }
                }],
                "operations" : []
            },
            "stage_settings" : {
                "analysis_stage"   : "KratosMultiphysics.FluidDynamicsApplication.fluid_dynamics_analysis",
                "problem_data"     : {
                    "problem_name"  : "multistage_example_cfd",
                    "parallel_type" : "OpenMP",
                    "echo_level"    : 0,
                    "start_time"    : 0.0,
                    "end_time"      : 30.0
                },
                "output_processes" : {
                    "gid_output" : [{
                        "python_module" : "gid_output_process",
                        "kratos_module" : "KratosMultiphysics",
                        "process_name"  : "GiDOutputProcess",
                        "Parameters"    : {
                            "model_part_name"        : "FluidModelPart.fluid_computational_model_part",
                            "postprocess_parameters" : {
                                "result_file_configuration" : {
                                    "gidpost_flags"               : {
                                        "GiDPostMode"           : "GiD_PostBinary",
                                        "WriteDeformedMeshFlag" : "WriteDeformed",
                                        "WriteConditionsFlag"   : "WriteConditions",
                                        "MultiFileFlag"         : "SingleFile"
                                    },
                                    "file_label"                  : "time",
                                    "output_control_type"         : "time",
                                    "output_interval"             : 1.0,
                                    "body_output"                 : true,
                                    "node_output"                 : false,
                                    "skin_output"                 : false,
                                    "plane_output"                : [],
                                    "nodal_results"               : ["VELOCITY","PRESSURE"],
                                    "nodal_nonhistorical_results" : [],
                                    "gauss_point_results"         : []
                                },
                                "point_data_configuration"  : []
                            },
                            "output_name"            : "gid_output/multistage_example_cfd"
                        }
                    }],
                    "vtk_output" : [{
                        "python_module" : "vtk_output_process",
                        "kratos_module" : "KratosMultiphysics",
                        "process_name"  : "VtkOutputProcess",
                        "Parameters"    : {
                            "model_part_name"                             : "FluidModelPart.fluid_computational_model_part",
                            "output_control_type"                         : "time",
                            "output_interval"                             : 1.0,
                            "file_format"                                 : "ascii",
                            "output_precision"                            : 7,
                            "output_sub_model_parts"                      : false,
                            "output_path"                                 : "vtk_output",
                            "save_output_files_in_folder"                 : true,
                            "nodal_solution_step_data_variables"          : ["VELOCITY","PRESSURE"],
                            "nodal_data_value_variables"                  : [],
                            "element_data_value_variables"                : [],
                            "condition_data_value_variables"              : [],
                            "gauss_point_variables_extrapolated_to_nodes" : []
                        }
                    }]
                },
                "solver_settings"  : {
                    "model_part_name"             : "FluidModelPart",
                    "domain_size"                 : 2,
                    "solver_type"                 : "Monolithic",
                    "material_import_settings"    : {
                        "materials_filename" : "FluidMaterials.json"
                    },
                    "echo_level"                  : 0,
                    "compute_reactions"           : false,
                    "maximum_iterations"          : 10,
                    "relative_velocity_tolerance" : 0.001,
                    "absolute_velocity_tolerance" : 1e-5,
                    "relative_pressure_tolerance" : 0.001,
                    "absolute_pressure_tolerance" : 1e-5,
                    "volume_model_part_name"      : "FluidModelPart.Fluid",
                    "skin_parts"                  : ["FluidModelPart.Walls","FluidModelPart.Lid"],
                    "no_skin_parts"               : ["Corner"],
                    "time_scheme"                 : "bossak",
                    "time_stepping"               : {
                        "automatic_time_step" : false,
                        "time_step"           : 5.0
                    },
                    "formulation"                 : {
                        "element_type"             : "qsvms",
                        "use_orthogonal_subscales" : false,
                        "dynamic_tau"              : 1.0
                    },
                    "reform_dofs_at_each_step"    : false,
                    "model_import_settings"       : {
                        "input_type" : "use_input_model_part"
                    }
                },
                "processes"        : {
                    "initial_conditions_process_list"  : [],
                    "boundary_conditions_process_list" : [{
                        "python_module" : "apply_noslip_process",
                        "kratos_module" : "KratosMultiphysics.FluidDynamicsApplication",
                        "process_name"  : "ApplyNoSlipProcess",
                        "Parameters"    : {
                            "model_part_name" : "FluidModelPart.Walls"
                        }
                    },{
                        "python_module" : "assign_vector_variable_process",
                        "kratos_module" : "KratosMultiphysics",
                        "process_name"  : "AssignVectorVariableProcess",
                        "Parameters"    : {
                            "model_part_name" : "FluidModelPart.Lid",
                            "variable_name"   : "VELOCITY",
                            "interval"        : [0.0,"End"],
                            "constrained"     : [true,true,true],
                            "value"           : [1.0,0.0,0.0]
                        }
                    },{
                        "python_module" : "assign_scalar_variable_process",
                        "kratos_module" : "KratosMultiphysics",
                        "process_name"  : "AssignScalarVariableProcess",
                        "Parameters"    : {
                            "model_part_name" : "FluidModelPart.Corner",
                            "variable_name"   : "PRESSURE",
                            "interval"        : [0.0,"End"],
                            "constrained"     : true,
                            "value"           : 0.0
                        }
                    }],
                    "gravity"                          : [{
                        "python_module" : "assign_vector_by_direction_process",
                        "kratos_module" : "KratosMultiphysics",
                        "process_name"  : "AssignVectorByDirectionProcess",
                        "Parameters"    : {
                            "model_part_name" : "FluidModelPart.Fluid",
                            "variable_name"   : "BODY_FORCE",
                            "modulus"         : 0.0,
                            "constrained"     : false,
                            "direction"       : [0.0,-1.0,0.0]
                        }
                    }],
                    "auxiliar_process_list"            : []
                }
            },
            "stage_postprocess" : {}
        },
        "thermal_stage" : {
            "stage_preprocess" : {
                "modelers" : [{
                    "name" : "Modelers.KratosMultiphysics.ImportMDPAModeler",
                    "parameters" : {
                        "input_filename"  : "multiphysics_example",
                        "model_part_name" : "ThermalModelPart"
                    }
                },{
                    "name" : "Modelers.KratosMultiphysics.CreateEntitiesFromGeometriesModeler",
                    "parameters" : {
                        "elements_list"   : [{
                            "model_part_name" : "ThermalModelPart.Fluid",
                            "element_name"    : "Element2D3N"
                        }],
                        "conditions_list" : [{
                            "model_part_name" : "ThermalModelPart.Walls",
                            "condition_name"  : "WallCondition2D2N"
                        }]
                    }
                }],
                "operations" : [{
                    "name" : "custom_transfer_operation.CustomTransferOperation",
                    "parameters" : {
                        "input_model_part_name" : "FluidModelPart.Fluid",
                        "output_model_part_name" : "ThermalModelPart.Fluid"
                    }
                }]
            },
            "stage_settings" : {
                "analysis_stage"   : "KratosMultiphysics.ConvectionDiffusionApplication.convection_diffusion_analysis",
                "problem_data"     : {
                    "problem_name"  : "multistage_example_thermal",
                    "parallel_type" : "OpenMP",
                    "start_time"    : 0.0,
                    "end_time"      : 200.0,
                    "echo_level"    : 0
                },
                "solver_settings"  : {
                    "solver_type"                        : "transient",
                    "analysis_type"                      : "linear",
                    "model_part_name"                    : "ThermalModelPart",
                    "domain_size"                        : 2,
                    "model_import_settings"              : {
                        "input_type"     : "use_input_model_part"
                    },
                    "material_import_settings"           : {
                        "materials_filename" : "ConvectionDiffusionMaterials.json"
                    },
                    "line_search"                        : false,
                    "echo_level"                         : 0,
                    "compute_reactions"                  : false,
                    "max_iteration"                      : 10,
                    "convergence_criterion"              : "residual_criterion",
                    "solution_relative_tolerance"        : 1e-5,
                    "solution_absolute_tolerance"        : 1e-7,
                    "residual_relative_tolerance"        : 1e-5,
                    "residual_absolute_tolerance"        : 1e-7,
                    "problem_domain_sub_model_part_list" : ["ThermalModelPart.Fluid"],
                    "processes_sub_model_part_list"      : ["ThermalModelPart.Fluid","ThermalModelPart.Lid","ThermalModelPart.Walls"],
                    "time_stepping"                      : {
                        "time_step" : 10.0
                    }
                },
                "processes"        : {
                    "initial_conditions_process_list" : [{
                        "python_module" : "assign_scalar_variable_process",
                        "kratos_module" : "KratosMultiphysics",
                        "process_name"  : "AssignScalarVariableProcess",
                        "Parameters"    : {
                            "model_part_name" : "ThermalModelPart.Fluid",
                            "variable_name"   : "TEMPERATURE",
                            "interval"        : [0.0,0.0],
                            "constrained"     : false,
                            "value"           : 303.15
                        }
                    }],
                    "constraints_process_list"        : [{
                        "python_module" : "assign_scalar_variable_process",
                        "kratos_module" : "KratosMultiphysics",
                        "process_name"  : "AssignScalarVariableProcess",
                        "Parameters"    : {
                            "model_part_name" : "ThermalModelPart.Lid",
                            "variable_name"   : "TEMPERATURE",
                            "interval"        : [0.0,"End"],
                            "constrained"     : true,
                            "value"           : 403.15
                        }
                    },{
                        "python_module" : "assign_scalar_variable_process",
                        "kratos_module" : "KratosMultiphysics",
                        "process_name"  : "AssignScalarVariableProcess",
                        "Parameters"    : {
                            "model_part_name" : "ThermalModelPart.Walls",
                            "variable_name"   : "TEMPERATURE",
                            "interval"        : [0.0,"End"],
                            "constrained"     : true,
                            "value"           : 303.15
                        }
                    }],
                    "list_other_processes"            : [{
                        "python_module" : "assign_scalar_variable_process",
                        "kratos_module" : "KratosMultiphysics",
                        "process_name"  : "AssignScalarVariableProcess",
                        "Parameters"    : {
                            "model_part_name" : "ThermalModelPart.Fluid",
                            "variable_name"   : "HEAT_FLUX",
                            "value"           : 0.0,
                            "constrained"     : false
                        }
                    }]
                },
                "output_processes" : {
                    "gid_output" : [{
                        "python_module" : "gid_output_process",
                        "kratos_module" : "KratosMultiphysics",
                        "process_name"  : "GiDOutputProcess",
                        "Parameters"    : {
                            "model_part_name"        : "ThermalModelPart",
                            "postprocess_parameters" : {
                                "result_file_configuration" : {
                                    "gidpost_flags"               : {
                                        "GiDPostMode"           : "GiD_PostBinary",
                                        "WriteDeformedMeshFlag" : "WriteDeformed",
                                        "WriteConditionsFlag"   : "WriteConditions",
                                        "MultiFileFlag"         : "SingleFile"
                                    },
                                    "file_label"                  : "time",
                                    "output_control_type"         : "step",
                                    "output_interval"             : 1,
                                    "body_output"                 : true,
                                    "node_output"                 : false,
                                    "skin_output"                 : false,
                                    "plane_output"                : [],
                                    "nodal_results"               : ["TEMPERATURE","VELOCITY"],
                                    "nodal_nonhistorical_results" : [],
                                    "gauss_point_results"         : []
                                },
                                "point_data_configuration"  : []
                            },
                            "output_name"            : "gid_output/multistage_example_thermal"
                        }
                    }],
                    "vtk_output" : [{
                        "python_module" : "vtk_output_process",
                        "kratos_module" : "KratosMultiphysics",
                        "process_name"  : "VtkOutputProcess",
                        "Parameters"    : {
                            "model_part_name"                             : "ThermalModelPart",
                            "output_control_type"                         : "step",
                            "output_interval"                             : 1,
                            "file_format"                                 : "ascii",
                            "output_precision"                            : 7,
                            "output_sub_model_parts"                      : false,
                            "output_path"                                 : "vtk_output",
                            "save_output_files_in_folder"                 : true,
                            "nodal_solution_step_data_variables"          : ["TEMPERATURE","VELOCITY"],
                            "nodal_data_value_variables"                  : [],
                            "element_data_value_variables"                : [],
                            "condition_data_value_variables"              : [],
                            "gauss_point_variables_extrapolated_to_nodes" : []
                        }
                    }]
                }
            },
        "stage_postprocess" : {}
        }
    }
}
