{
    "properties" : [{
        "model_part_name" : "Structure.Parts_Solid_surface",
        "properties_id"   : 1,
        "Material"        : {
            "constitutive_law" : {
                "name" : "LinearElasticPlaneStrain2DLaw"
            },
            "Variables"        : {
                "DENSITY"       : 7850.0,
                "YOUNG_MODULUS" : 206900000000.0,
                "POISSON_RATIO" : 0.29
            },
            "Tables"           : {}
        }
    }]
}
