{
    "properties" : [{
        "model_part_name" : "Structure.Parts_Structure",
        "properties_id"   : 1,
        "Material"        : {
            "constitutive_law" : {
                "name" : "LinearElasticPlaneStress2DLaw"
            },
            "Variables"        : {
                "DENSITY"       : 7850.0,
                "YOUNG_MODULUS" : 206900000000.0,
                "POISSON_RATIO" : 0.29,
                "THICKNESS"     : 0.1
            },
            "Tables"           : {}
        }
    }]
}
