{
    "properties" : [{
        "model_part_name" : "Structure.Parts_Beam_body",
        "properties_id"   : 1,
        "Material"        : {
            "constitutive_law" : {
                "name" : "BeamConstitutiveLaw"
            },
            "Variables"        : {
                "DENSITY"           : 7850.0,
                "YOUNG_MODULUS"     : 206900000000.0,
                "POISSON_RATIO"     : 0.29,
                "CROSS_AREA"        : 1.0,
                "TORSIONAL_INERTIA" : 1.0,
                "I22"               : 1.0,
                "I33"               : 1.0
            },
            "Tables"           : {}
        }
    }]
}
