{
    "problem_data": {
        "problem_name": "Tutorial1_CFD2D2",
        "parallel_type": "OpenMP",
        "echo_level": 0,
        "start_time": 0.0,
        "end_time": 50
    },
    "output_processes" : {
        "gid_output" : [{
            "python_module" : "gid_output_process",
            "kratos_module" : "KratosMultiphysics",
            "process_name"  : "GiDOutputProcess",
            "help"          : "This process writes postprocessing files for GiD",
            "Parameters"    : {
                "model_part_name"        : "MainModelPart",
                "output_name"            : "MainModelPart",
                "postprocess_parameters" : {
                    "result_file_configuration" : {
                        "gidpost_flags"       : {
                            "GiDPostMode"           : "GiD_PostBinary",
                            "WriteDeformedMeshFlag" : "WriteDeformed",
                            "WriteConditionsFlag"   : "WriteConditions",
                            "MultiFileFlag"         : "SingleFile"
                        },
                        "file_label"          : "time",
                        "output_control_type" : "time",
                        "output_frequency"    : 0.5,
                        "body_output"         : true,
                        "node_output"         : false,
                        "skin_output"         : false,
                        "plane_output"        : [],
                        "nodal_results"       : ["MESH_DISPLACEMENT", "REACTION", "VELOCITY","PRESSURE"],
                        "gauss_point_results" : []
                    },
                    "point_data_configuration"  : []
                }
            }
        }]},
    "solver_settings": {
        "solver_type": "ale_fluid",
        "ale_boundary_parts": [
            "NoSlip2D_structure"
        ],
        "mesh_motion_solver_settings": {
            "solver_type": "mesh_solver_structural_similarity",
            "mesh_motion_linear_solver_settings": {
                "solver_type": "AMGCL",
                "smoother_type": "ilu0",
                "krylov_type": "gmres",
                "coarsening_type": "aggregation",
                "max_iteration": 200,
                "provide_coordinates": false,
                "gmres_krylov_space_dimension": 100,
                "verbosity": 0,
                "tolerance": 1e-7,
                "scaling": false,
                "block_size": 1,
                "use_block_matrices_if_possible": true,
                "coarse_enough": 5000
            },
            "time_order": 2,
            "reform_dofs_each_step": false,
            "compute_reactions": false
        },
        "fluid_solver_settings": {
            "domain_size": 2,
            "solver_type": "FractionalStep",
            "model_part_name": "MainModelPart",
            "model_import_settings": {
                "input_type": "mdpa",
                "input_filename": "Tutorial1_CFD2D2"
            },
            "echo_level": 1,
            "compute_reactions": true,
            "dynamic_tau": 0.1,
            "predictor_corrector": false,
            "pressure_tolerance": 0.001,
            "maximum_pressure_iterations": 4,
            "velocity_tolerance": 0.001,
            "maximum_velocity_iterations": 15,
            "velocity_linear_solver_settings": {
                "solver_type": "AMGCL",
                "max_iteration": 200,
                "tolerance": 1e-7,
                "provide_coordinates": false,
                "smoother_type": "ilu0",
                "krylov_type": "lgmres",
                "coarsening_type": "aggregation",
                "scaling": false
            },
            "pressure_linear_solver_settings": {
                "solver_type": "AMGCL",
                "max_iteration": 200,
                "tolerance": 1e-7,
                "provide_coordinates": false,
                "smoother_type": "ilu0",
                "krylov_type": "cg",
                "coarsening_type": "aggregation",
                "scaling": false
            },
            "volume_model_part_name": "Parts_fluid",
            "skin_parts": [
                "VelocityConstraints2D_inlet",
                "Outlet2D_outlet",
                "Slip2D_wall",
                "NoSlip2D_structure"
            ],
            "no_skin_parts": [
                "Drag_structure"
            ],
            "time_stepping": {
                "automatic_time_step": false,
                "time_step": 0.05
            }
        }
    },
    "initial_conditions_process_list": [],
    "boundary_conditions_process_list": [
        {
            "python_module": "apply_outlet_process",
            "kratos_module": "KratosMultiphysics.FluidDynamicsApplication",
            "help": [],
            "process_name": "ApplyOutletProcess",
            "Parameters": {
                "mesh_id": 0,
                "model_part_name": "Outlet2D_outlet",
                "variable_name": "PRESSURE",
                "constrained": true,
                "value": 0.0,
                "hydrostatic_outlet": false,
                "h_top": 0.0
            }
        },
        {
            "python_module": "assign_vector_variable_process",
            "kratos_module": "KratosMultiphysics",
            "process_name": "AssignVectorVariableProcess",
            "Parameters": {
                "mesh_id": 0,
                "model_part_name": "Outlet2D_outlet",
                "variable_name": "MESH_DISPLACEMENT",
                "value": [
                    0.0,
                    0.0,
                    0.0
                ]
            }
        },
        {
            "python_module": "apply_slip_process",
            "kratos_module": "KratosMultiphysics.FluidDynamicsApplication",
            "process_name": "ApplySlipProcess",
            "Parameters": {
                "mesh_id": 0,
                "model_part_name": "Slip2D_wall"
            }
        },
        {
            "python_module": "assign_vector_variable_process",
            "kratos_module": "KratosMultiphysics",
            "process_name": "AssignVectorVariableProcess",
            "Parameters": {
                "mesh_id": 0,
                "model_part_name": "Slip2D_wall",
                "variable_name": "MESH_DISPLACEMENT",
                "value": [
                    0.0,
                    0.0,
                    0.0
                ]
            }
        },
        {
            "python_module": "apply_noslip_process",
            "kratos_module": "KratosMultiphysics.FluidDynamicsApplication",
            "process_name": "ApplyNoSlipProcess",
            "Parameters": {
                "mesh_id": 0,
                "model_part_name": "NoSlip2D_structure"
            }
        },
        {
            "python_module": "assign_vector_variable_process",
            "kratos_module": "KratosMultiphysics",
            "process_name": "AssignVectorVariableProcess",
            "Parameters": {
                "mesh_id": 0,
                "model_part_name": "NoSlip2D_structure",
                "variable_name": "MESH_DISPLACEMENT",
                "value": [
                    0.0,
                    0.0,
                    0.0
                ]
            }
        },
        {
            "python_module": "assign_vector_variable_process",
            "kratos_module": "KratosMultiphysics",
            "help": "This process fixes the selected components of a given vector variable",
            "process_name": "AssignVectorVariableProcess",
            "Parameters": {
                "mesh_id": 0,
                "model_part_name": "VelocityConstraints2D_inlet",
                "variable_name": "VELOCITY",
                "constrained": [
                    true,
                    true,
                    true
                ],
                "value": [
                    "t/10*25.0",
                    0.0,
                    0.0
                ],
                "interval": [
                    0.0,
                    10
                ]
            }
        },
        {
            "python_module": "assign_vector_variable_process",
            "kratos_module": "KratosMultiphysics",
            "help": "This process fixes the selected components of a given vector variable",
            "process_name": "AssignVectorVariableProcess",
            "Parameters": {
                "mesh_id": 0,
                "model_part_name": "VelocityConstraints2D_inlet",
                "variable_name": "VELOCITY",
                "constrained": [
                    true,
                    true,
                    true
                ],
                "value": [
                    25.0,
                    0.0,
                    0.0
                ],
                "interval": [
                    10,
                    100.05
                ]
            }
        },
        {
            "python_module": "assign_vector_variable_process",
            "kratos_module": "KratosMultiphysics",
            "process_name": "AssignVectorVariableProcess",
            "Parameters": {
                "mesh_id": 0,
                "model_part_name": "VelocityConstraints2D_inlet",
                "variable_name": "MESH_DISPLACEMENT",
                "value": [
                    0.0,
                    0.0,
                    0.0
                ]
            }
        }
    ],
    "gravity": [
        {
            "python_module": "assign_vector_by_direction_process",
            "kratos_module": "KratosMultiphysics",
            "process_name": "AssignVectorByDirectionProcess",
            "Parameters": {
                "mesh_id": 0,
                "model_part_name": "Parts_fluid",
                "variable_name": "BODY_FORCE",
                "modulus": 0.0,
                "constrained": false,
                "direction": [
                    0.0,
                    -1.0,
                    0.0
                ]
            }
        }
    ],
    "auxiliar_process_list": [
        {
            "python_module": "compute_body_fitted_drag_process",
            "kratos_module": "KratosMultiphysics.FluidDynamicsApplication",
            "process_name": "ComputeBodyFittedDragProcess",
            "Parameters": {
                "model_part_name": "Drag_structure",
                "write_drag_output_file": true,
                "print_drag_to_screen": false,
                "interval": [
                    0.0,
                    "End"
                ]
            }
        }
    ]
}