{
    "analysis_stage"   : "KratosMultiphysics.FluidDynamicsApplication.fluid_dynamics_analysis",
    "problem_data"     : {
        "problem_name"  : "fluid",
        "parallel_type" : "OpenMP",
        "echo_level"    : 0,
        "start_time"    : 0.0,
        "end_time"      : 50
    },
    "output_processes" : {
        "gid_output" : [{
            "python_module" : "gid_output_process",
            "kratos_module" : "KratosMultiphysics",
            "process_name"  : "GiDOutputProcess",
            "Parameters"    : {
                "model_part_name"        : "FluidModelPart.fluid_computational_model_part",
                "postprocess_parameters" : {
                    "result_file_configuration" : {
                        "gidpost_flags"               : {
                            "GiDPostMode"           : "GiD_PostBinary",
                            "WriteDeformedMeshFlag" : "WriteDeformed",
                            "WriteConditionsFlag"   : "WriteConditions",
                            "MultiFileFlag"         : "SingleFile"
                        },
                        "file_label"                  : "time",
                        "output_control_type"         : "step",
                        "output_interval"             : 1,
                        "body_output"                 : true,
                        "node_output"                 : false,
                        "skin_output"                 : false,
                        "plane_output"                : [],
                        "nodal_results"               : ["VELOCITY","PRESSURE"],
                        "nodal_nonhistorical_results" : [],
                        "gauss_point_results"         : []
                    },
                    "point_data_configuration"  : []
                },
                "output_name"            : "gid_output/fluid"
            }
        }],
        "vtk_output" : [{
            "python_module" : "vtk_output_process",
            "kratos_module" : "KratosMultiphysics",
            "process_name"  : "VtkOutputProcess",
            "Parameters"    : {
                "model_part_name"                             : "FluidModelPart.fluid_computational_model_part",
                "output_control_type"                         : "step",
                "output_interval"                             : 1,
                "file_format"                                 : "ascii",
                "output_precision"                            : 7,
                "output_sub_model_parts"                      : false,
                "output_path"                                 : "vtk_output",
                "save_output_files_in_folder"                 : true,
                "nodal_solution_step_data_variables"          : ["VELOCITY","PRESSURE"],
                "nodal_data_value_variables"                  : [],
                "element_data_value_variables"                : [],
                "condition_data_value_variables"              : [],
                "gauss_point_variables_extrapolated_to_nodes" : []
            }
        }]
    },
    "solver_settings"  : {
        "model_part_name"             : "FluidModelPart",
        "domain_size"                 : 2,
        "solver_type"                 : "Monolithic",
        "material_import_settings"    : {
            "materials_filename" : "FluidMaterials.json"
        },
        "echo_level"                  : 0,
        "compute_reactions"           : false,
        "maximum_iterations"          : 10,
        "relative_velocity_tolerance" : 0.001,
        "absolute_velocity_tolerance" : 1e-5,
        "relative_pressure_tolerance" : 0.001,
        "absolute_pressure_tolerance" : 1e-5,
        "volume_model_part_name"      : "FluidParts_Fluid",
        "skin_parts"                  : ["AutomaticInlet2D_Inlet","Outlet2D_Outlet","NoSlip2D_No_Slip_Walls","NoSlip2D_No_Slip_Cylinder"],
        "no_skin_parts"               : [],
        "time_scheme"                 : "bossak",
        "time_stepping"               : {
            "automatic_time_step" : false,
            "time_step"           : 0.1
        },
        "formulation"                 : {
            "element_type"             : "qsvms",
            "use_orthogonal_subscales" : false,
            "dynamic_tau"              : 1.0
        },
        "reform_dofs_at_each_step"    : false,
        "model_import_settings"       : {
            "input_type" : "use_input_model_part"
        }
    },
    "processes"        : {
        "initial_conditions_process_list"  : [],
        "boundary_conditions_process_list" : [{
            "python_module" : "apply_inlet_process",
            "kratos_module" : "KratosMultiphysics.FluidDynamicsApplication",
            "process_name"  : "ApplyInletProcess",
            "Parameters"    : {
                "model_part_name" : "FluidModelPart.AutomaticInlet2D_Inlet",
                "variable_name"   : "VELOCITY",
                "interval"        : [0,1],
                "modulus"         : "6*y*(1-y)*sin(pi*t*0.5)",
                "direction"       : "automatic_inwards_normal"
            }
        },{
            "python_module" : "apply_inlet_process",
            "kratos_module" : "KratosMultiphysics.FluidDynamicsApplication",
            "process_name"  : "ApplyInletProcess",
            "Parameters"    : {
                "model_part_name" : "FluidModelPart.AutomaticInlet2D_Inlet",
                "variable_name"   : "VELOCITY",
                "interval"        : [1,"End"],
                "modulus"         : "6*y*(1-y)",
                "direction"       : "automatic_inwards_normal"
            }
        },{
            "python_module" : "apply_outlet_process",
            "kratos_module" : "KratosMultiphysics.FluidDynamicsApplication",
            "process_name"  : "ApplyOutletProcess",
            "Parameters"    : {
                "model_part_name"    : "FluidModelPart.Outlet2D_Outlet",
                "variable_name"      : "PRESSURE",
                "constrained"        : true,
                "value"              : 0.0,
                "hydrostatic_outlet" : false,
                "h_top"              : 0.0
            }
        },{
            "python_module" : "apply_noslip_process",
            "kratos_module" : "KratosMultiphysics.FluidDynamicsApplication",
            "process_name"  : "ApplyNoSlipProcess",
            "Parameters"    : {
                "model_part_name" : "FluidModelPart.NoSlip2D_No_Slip_Walls"
            }
        },{
            "python_module" : "apply_noslip_process",
            "kratos_module" : "KratosMultiphysics.FluidDynamicsApplication",
            "process_name"  : "ApplyNoSlipProcess",
            "Parameters"    : {
                "model_part_name" : "FluidModelPart.NoSlip2D_No_Slip_Cylinder"
            }
        }],
        "gravity"                          : [{
            "python_module" : "assign_vector_by_direction_process",
            "kratos_module" : "KratosMultiphysics",
            "process_name"  : "AssignVectorByDirectionProcess",
            "Parameters"    : {
                "model_part_name" : "FluidModelPart.FluidParts_Fluid",
                "variable_name"   : "BODY_FORCE",
                "modulus"         : 0.0,
                "constrained"     : false,
                "direction"       : [0.0,-1.0,0.0]
            }
        }],
        "auxiliar_process_list"            : []
    },
    "modelers"         : [{
        "name"       : "Modelers.KratosMultiphysics.ImportMDPAModeler",
        "parameters" : {
            "input_filename"  : "fluid",
            "model_part_name" : "FluidModelPart"
        }
    }]
}
