{
    "problem_data"                     : {
        "problem_name"    : "coupled_thermal_cylinder",
        "model_part_name" : "MainModelPart",
        "domain_size"     : 2,
        "parallel_type"   : "OpenMP",
        "echo_level"      : 0,
        "start_time"      : 0.0,
        "end_time"        : 1
    },
    "output_configuration"             : {
        "result_file_configuration" : {
            "gidpost_flags"       : {
                "GiDPostMode"           : "GiD_PostBinary",
                "WriteDeformedMeshFlag" : "WriteDeformed",
                "WriteConditionsFlag"   : "WriteConditions",
                "MultiFileFlag"         : "SingleFile"
            },
            "file_label"          : "time",
            "output_control_type" : "time",
            "output_frequency"    : 0.001,
            "body_output"         : true,
            "node_output"         : false,
            "skin_output"         : false,
            "plane_output"        : [],
            "nodal_results"       : ["VELOCITY","TEMPERATURE","PRESSURE"],
            "gauss_point_results" : []
        },
        "point_data_configuration"  : []
    },
    "restart_options"                  : {
        "SaveRestart"      : "False",
        "RestartFrequency" : 0,
        "LoadRestart"      : "False",
        "Restart_Step"     : 0
    },
    "solver_settings"                  : {
        "solver_type" : "ThermallyCoupled",
        "fluid_solver_settings" : {
            "solver_type"                 : "Monolithic",
            "model_import_settings"       : {
                "input_type"     : "mdpa",
                "input_filename" : "coupled_thermal_cylinder"
            },
            "echo_level"                  : 0,
            "compute_reactions"           : false,
            "dynamic_tau"                 : 1.0,
            "oss_switch"                  : 0,
            "maximum_iterations"          : 10,
            "relative_velocity_tolerance" : 0.001,
            "absolute_velocity_tolerance" : 1e-5,
            "relative_pressure_tolerance" : 0.001,
            "absolute_pressure_tolerance" : 1e-5,
            "volume_model_part_name"      : "Parts_Parts_Auto1",
            "skin_parts"                  : ["AutomaticInlet2D_Automatic_inlet_velocity_Auto2","Outlet2D_Outlet_pressure_Auto1","Slip2D","NoSlip2D_No_Slip_Auto1"],
            "no_skin_parts"               : [],
            "time_stepping"               : {
                "automatic_time_step" : false,
                "time_step"           : 0.01
            }
        }
    },
    "initial_conditions_process_list"  : [],
    "boundary_conditions_process_list" : [{
        "python_module" : "apply_inlet_process",
        "kratos_module" : "KratosMultiphysics.FluidDynamicsApplication",
        "Parameters"    : {
            "model_part_name" : "AutomaticInlet2D_Automatic_inlet_velocity_Auto2",
            "variable_name"   : "VELOCITY",
            "modulus"         : 1.0,
            "direction"       : "automatic_inwards_normal",
            "interval"        : [0.0,"End"]
        }
    },{
        "python_module" : "apply_outlet_process",
        "kratos_module" : "KratosMultiphysics.FluidDynamicsApplication",
        "Parameters"    : {
            "model_part_name"    : "Outlet2D_Outlet_pressure_Auto1",
            "variable_name"      : "PRESSURE",
            "constrained"        : true,
            "value"              : 0.0,
            "hydrostatic_outlet" : false,
            "h_top"              : 0.0
        }
    },{
        "python_module" : "apply_noslip_process",
        "kratos_module" : "KratosMultiphysics.FluidDynamicsApplication",
        "Parameters"    : {
            "model_part_name" : "NoSlip2D_No_Slip_Auto1"
        }
    },{
        "python_module" : "apply_slip_process",
        "kratos_module" : "KratosMultiphysics.FluidDynamicsApplication",
        "process_name"  : "ApplySlipProcess",
        "Parameters"    : {
            "model_part_name" : "Slip2D"
        }
    }],
    "gravity"                          : [{
        "python_module" : "assign_vector_by_direction_process",
        "kratos_module" : "KratosMultiphysics",
        "process_name"  : "AssignVectorByDirectionProcess",
        "Parameters"    : {
            "model_part_name" : "Parts_Parts_Auto1",
            "variable_name"   : "BODY_FORCE",
            "modulus"         : 0.0,
            "constrained"     : false,
            "direction"       : [0.0,-1.0,0.0]
        }
    },
    {
        "python_module"   : "assign_scalar_variable_process",
        "kratos_module" : "KratosMultiphysics",
        "process_name"          : "AssignScalarVariableProcess",
        "Parameters"            : {
            "model_part_name" : "NoSlip2D_No_Slip_Auto1",
            "variable_name"   : "TEMPERATURE",
            "constrained"     : true,
            "value"      : 100.0
        }
    },
    {
        "python_module"   : "assign_scalar_variable_process",
        "kratos_module" : "KratosMultiphysics",
        "process_name"          : "AssignScalarVariableProcess",
        "Parameters"            : {
            "model_part_name" : "AutomaticInlet2D_Automatic_inlet_velocity_Auto2",
            "variable_name"   : "TEMPERATURE",
            "constrained"     : true,
            "value"      : 0.0
        }
    }
    ],
    "auxiliar_process_list"            : []
}
