{
    "rom_manager": true,
    "train_hrom": false,
    "run_hrom": false,
    "projection_strategy": "galerkin",
    "assembling_strategy": "global",
    "rom_format": "numpy",
    "rom_settings": {
        "rom_bns_settings": {
            "monotonicity_preserving": false
        },
        "nodal_unknowns": [
            "DISPLACEMENT_X",
            "DISPLACEMENT_Y"
        ],
        "number_of_rom_dofs": 3,
        "petrov_galerkin_number_of_rom_dofs": 0
    },
    "hrom_settings": {
        "hrom_format": "numpy",
        "element_selection_type": "empirical_cubature",
        "element_selection_svd_truncation_tolerance": 0.0,
        "create_hrom_visualization_model_part": true,
        "echo_level": 0,
        "include_condition_parents": false,
        "initial_candidate_elements_model_part_list": [],
        "initial_candidate_conditions_model_part_list": [],
        "constraint_sum_weights": true
    },
    "nodal_modes": {},
    "elements_and_weights": {}
}