{
    "problem_data"     : {
        "problem_name"  : "KratosWorkshop2019_high_rise_building_CFD",
        "parallel_type" : "OpenMP",
        "echo_level"    : 0,
        "start_time"    : 0.0,
        "end_time"      : 40.0
    },
    "output_processes" : {
        "gid_output" : [{
            "python_module" : "gid_output_process",
            "kratos_module" : "KratosMultiphysics",
            "process_name"  : "GiDOutputProcess",
            "help"          : "This process writes postprocessing files for GiD",
            "Parameters"    : {
                "model_part_name"        : "FluidModelPart.fluid_computational_model_part",
                "output_name"            : "KratosWorkshop2019_high_rise_building_CFD",
                "postprocess_parameters" : {
                    "result_file_configuration" : {
                        "gidpost_flags"       : {
                            "GiDPostMode"           : "GiD_PostBinary",
                            "WriteDeformedMeshFlag" : "WriteDeformed",
                            "WriteConditionsFlag"   : "WriteConditions",
                            "MultiFileFlag"         : "SingleFile"
                        },
                        "file_label"          : "time",
                        "output_control_type" : "time",
                        "output_frequency"    : 1.0,
                        "body_output"         : true,
                        "node_output"         : false,
                        "skin_output"         : false,
                        "plane_output"        : [],
                        "nodal_results"       : ["VELOCITY","PRESSURE"],
                        "gauss_point_results" : []
                    },
                    "point_data_configuration"  : []
                }
            }
        }],
        "vtk_output" : [{
            "python_module" : "vtk_output_process",
            "kratos_module" : "KratosMultiphysics",
            "process_name"  : "VtkOutputProcess",
            "help"          : "This process writes postprocessing files for Paraview",
            "Parameters"    : {
                "model_part_name"                    : "FluidModelPart.fluid_computational_model_part",
                "output_control_type"                : "step",
                "output_frequency"                   : 1,
                "file_format"                        : "ascii",
                "output_precision"                   : 7,
                "output_sub_model_parts"             : true,
                "folder_name"                        : "vtk_output",
                "save_output_files_in_folder"        : true,
                "nodal_solution_step_data_variables" : ["VELOCITY","PRESSURE"],
                "nodal_data_value_variables"         : [],
                "element_data_value_variables"       : [],
                "condition_data_value_variables"     : []
            }
        }]
    },
    "solver_settings"  : {
        "model_part_name"             : "FluidModelPart",
        "domain_size"                 : 2,
        "solver_type"                 : "Monolithic",
        "model_import_settings"       : {
            "input_type"     : "mdpa",
            "input_filename" : "KratosWorkshop2019_high_rise_building_CFD"
        },
        "echo_level"                  : 0,
        "compute_reactions"           : false,
        "maximum_iterations"          : 10,
        "relative_velocity_tolerance" : 0.001,
        "absolute_velocity_tolerance" : 1e-5,
        "relative_pressure_tolerance" : 0.001,
        "absolute_pressure_tolerance" : 1e-5,
        "volume_model_part_name"      : "Parts_Fluid",
        "skin_parts"                  : ["AutomaticInlet2D_Inlet","Outlet2D_Outlet","Slip2D","NoSlip2D_InterfaceFluid"],
        "no_skin_parts"               : [],
        "time_stepping"               : {
            "automatic_time_step" : false,
            "time_step"           : 0.05
        },
        "formulation"                 : {
            "element_type"             : "vms",
            "use_orthogonal_subscales" : false,
            "dynamic_tau"              : 1.0
        }
    },
    "processes"        : {
        "initial_conditions_process_list"  : [],
        "boundary_conditions_process_list" : [{
            "python_module" : "apply_inlet_process",
            "kratos_module" : "KratosMultiphysics.FluidDynamicsApplication",
            "Parameters"    : {
                "model_part_name" : "FluidModelPart.AutomaticInlet2D_Inlet",
                "variable_name"   : "VELOCITY",
                "modulus"         : "25.0*t/10.0",
                "direction"       : "automatic_inwards_normal",
                "interval"        : [0,10.0]
            }
        },{
            "python_module" : "apply_inlet_process",
            "kratos_module" : "KratosMultiphysics.FluidDynamicsApplication",
            "Parameters"    : {
                "model_part_name" : "FluidModelPart.AutomaticInlet2D_Inlet",
                "variable_name"   : "VELOCITY",
                "modulus"         : 25.0,
                "direction"       : "automatic_inwards_normal",
                "interval"        : [10.0,"End"]
            }
        },{
            "python_module" : "apply_outlet_process",
            "kratos_module" : "KratosMultiphysics.FluidDynamicsApplication",
            "Parameters"    : {
                "model_part_name"    : "FluidModelPart.Outlet2D_Outlet",
                "variable_name"      : "PRESSURE",
                "constrained"        : true,
                "value"              : 0.0,
                "hydrostatic_outlet" : false,
                "h_top"              : 0.0
            }
        },{
            "python_module" : "apply_noslip_process",
            "kratos_module" : "KratosMultiphysics.FluidDynamicsApplication",
            "Parameters"    : {
                "model_part_name" : "FluidModelPart.NoSlip2D_InterfaceFluid"
            }
        },{
            "python_module" : "apply_slip_process",
            "kratos_module" : "KratosMultiphysics.FluidDynamicsApplication",
            "process_name"  : "ApplySlipProcess",
            "Parameters"    : {
                "model_part_name" : "FluidModelPart.Slip2D"
            }
        }],
        "gravity"                          : [{
            "python_module" : "assign_vector_by_direction_process",
            "kratos_module" : "KratosMultiphysics",
            "process_name"  : "AssignVectorByDirectionProcess",
            "Parameters"    : {
                "model_part_name" : "FluidModelPart.Parts_Fluid",
                "variable_name"   : "BODY_FORCE",
                "modulus"         : 0.0,
                "constrained"     : false,
                "direction"       : [0.0,-1.0,0.0]
            }
        }],
        "auxiliar_process_list"            : []
    }
}
