{
    "problem_data"     : {
        "problem_name"  : "KratosWorkshop2019_high_rise_building_CSM",
        "parallel_type" : "OpenMP",
        "echo_level"    : 1,
        "start_time"    : 0.0,
        "end_time"      : 25.0
    },
    "solver_settings"  : {
        "solver_type"                        : "Dynamic",
        "model_part_name"                    : "Structure",
        "domain_size"                        : 2,
        "echo_level"                         : 0,
        "analysis_type"                      : "non_linear",
        "time_integration_method"            : "implicit",
        "scheme_type"                        : "newmark",
        "model_import_settings"              : {
            "input_type"     : "mdpa",
            "input_filename" : "KratosWorkshop2019_high_rise_building_CSM"
        },
        "material_import_settings"           : {
            "materials_filename" : "StructuralMaterials.json"
        },
        "time_stepping"                      : {
            "time_step" : 0.05
        },
        "line_search"                        : false,
        "convergence_criterion"              : "residual_criterion",
        "displacement_relative_tolerance"    : 0.0001,
        "displacement_absolute_tolerance"    : 1e-9,
        "residual_relative_tolerance"        : 0.001,
        "residual_absolute_tolerance"        : 1e-4,
        "max_iteration"                      : 10,
        "problem_domain_sub_model_part_list" : ["Parts_Structure"],
        "processes_sub_model_part_list"      : ["DISPLACEMENT_Ground","LineLoad2D_InterfaceStructure"],
        "rotation_dofs"                      : false
    },
    "processes"        : {
        "constraints_process_list" : [{
            "python_module" : "assign_vector_variable_process",
            "kratos_module" : "KratosMultiphysics",
            "Parameters"    : {
                "model_part_name" : "Structure.DISPLACEMENT_Ground",
                "variable_name"   : "DISPLACEMENT",
                "constrained"     : [true,true,true],
                "value"           : [0.0,0.0,0.0],
                "interval"        : [0.0,"End"]
            }
        }],
        "loads_process_list"       : [{
            "python_module" : "assign_vector_variable_process",
            "kratos_module" : "KratosMultiphysics",
            "Parameters"    : {
                "model_part_name" : "Structure.LineLoad2D_InterfaceStructure",
                "variable_name"   : "POINT_LOAD",
                "constrained"     : [false,false,false],
                "value"           : [500.0,0.0,0.0],
                "interval"        : [0.0,"End"]
            }
        }],
        "list_other_processes"     : [{
            "python_module" : "compute_reactions_process",
            "Parameters"    : {
                "model_part_name" : "Structure.DISPLACEMENT_Ground",
                "print_reaction_values_to_screen" : true
            }
        }]
    },
    "output_processes" : {
        "gid_output" : [{
            "python_module" : "gid_output_process",
            "kratos_module" : "KratosMultiphysics",
            "process_name"  : "GiDOutputProcess",
            "help"          : "This process writes postprocessing files for GiD",
            "Parameters"    : {
                "model_part_name"        : "Structure.Parts_Structure",
                "output_name"            : "KratosWorkshop2019_high_rise_building_CSM",
                "postprocess_parameters" : {
                    "result_file_configuration" : {
                        "gidpost_flags"       : {
                            "GiDPostMode"           : "GiD_PostBinary",
                            "WriteDeformedMeshFlag" : "WriteDeformed",
                            "WriteConditionsFlag"   : "WriteElementsOnly",
                            "MultiFileFlag"         : "SingleFile"
                        },
                        "file_label"          : "step",
                        "output_control_type" : "step",
                        "output_interval"     : 1,
                        "body_output"         : true,
                        "node_output"         : false,
                        "skin_output"         : false,
                        "plane_output"        : [],
                        "nodal_results"       : ["DISPLACEMENT","REACTION","VELOCITY","ACCELERATION","LINE_LOAD"],
                        "gauss_point_results" : ["VON_MISES_STRESS"]
                    },
                    "point_data_configuration"  : []
                }
            }
        }]
    }
}
