{
	"problem_data"             : {
		"problem_name"    : "FSI",
		"time_step"       : 0.05,
		"start_time"      : 0.0,
		"end_time"        : 50,
		"echo_level"      : 1
},
    "coupling_settings":{
			"mapper_settings":{
            "mapper_type": "sdof",
            "interface_submodel_part_destination": "NoSlip2D_structure",
            "interface_submodel_part_origin": "SDoF_origin"
		 },
		 "convergence_accelerator_settings": {	
			"type": "aitken",	
			"max_iterations": 5,
			"residual_relative_tolerance": 1e-5,
			"residual_absolute_tolerance": 1e-9,
			"relaxation_coefficient_initial_value": 0.25
		}
    }
}
