{
    "problem_data"     : {
        "problem_name"  : "positive_face_pressure",
        "parallel_type" : "OpenMP",
        "echo_level"    : 1,
        "start_time"    : 0.0,
        "end_time"      : 1.0
    },
    "solver_settings"  : {
        "time_stepping"                        : {
            "time_step" : 1.1
        },
        "solver_type"                          : "Static",
        "model_part_name"                      : "Structure",
        "domain_size"                          : 3,
        "echo_level"                           : 0,
        "analysis_type"                        : "non_linear",
        "model_import_settings"                : {
            "input_type"     : "mdpa",
            "input_filename" : "positive_face_pressure"
        },
        "material_import_settings"             : {
            "materials_filename" : "StructuralMaterials.json"
        },
        "line_search"                          : false,
        "convergence_criterion"                : "residual_criterion",
        "displacement_relative_tolerance"      : 0.0001,
        "displacement_absolute_tolerance"      : 1e-9,
        "residual_relative_tolerance"          : 0.0001,
        "residual_absolute_tolerance"          : 1e-9,
        "max_iteration"                        : 10,
        "use_old_stiffness_in_first_iteration" : false,
        "rotation_dofs"                        : false,
        "volumetric_strain_dofs"               : false
    },
    "processes"        : {
        "constraints_process_list" : [{
            "python_module" : "assign_vector_variable_process",
            "kratos_module" : "KratosMultiphysics",
            "process_name"  : "AssignVectorVariableProcess",
            "Parameters"    : {
                "model_part_name" : "Structure.DISPLACEMENT_bottom_surface",
                "variable_name"   : "DISPLACEMENT",
                "interval"        : [0.0,"End"],
                "constrained"     : [true,true,true],
                "value"           : [0.0,0.0,0.0]
            }
        }],
        "loads_process_list"       : [{
            "python_module" : "assign_scalar_variable_to_conditions_process",
            "kratos_module" : "KratosMultiphysics",
            "process_name"  : "AssignScalarVariableToConditionProcess",
            "Parameters"    : {
                "model_part_name" : "Structure.SurfacePressure3D_pressure_surface",
                "variable_name"   : "POSITIVE_FACE_PRESSURE",
                "interval"        : [0.0,"End"],
                "value"           : 30000000.0
            }
        }],
        "list_other_processes"     : []
    },
    "output_processes" : {
        "gid_output" : [{
            "python_module" : "gid_output_process",
            "kratos_module" : "KratosMultiphysics",
            "process_name"  : "GiDOutputProcess",
            "Parameters"    : {
                "model_part_name"        : "Structure",
                "postprocess_parameters" : {
                    "result_file_configuration" : {
                        "gidpost_flags"               : {
                            "GiDPostMode"           : "GiD_PostBinary",
                            "WriteDeformedMeshFlag" : "WriteDeformed",
                            "WriteConditionsFlag"   : "WriteConditions",
                            "MultiFileFlag"         : "SingleFile"
                        },
                        "file_label"                  : "step",
                        "output_control_type"         : "step",
                        "output_interval"             : 1,
                        "body_output"                 : true,
                        "node_output"                 : false,
                        "skin_output"                 : false,
                        "plane_output"                : [],
                        "nodal_results"               : ["DISPLACEMENT","REACTION"],
                        "gauss_point_results"         : ["CAUCHY_STRESS_TENSOR","VON_MISES_STRESS"],
                        "nodal_nonhistorical_results" : []
                    },
                    "point_data_configuration"  : []
                },
                "output_name"            : "gid_output/positive_face_pressure"
            }
        }],
        "vtk_output" : [{
            "python_module" : "vtk_output_process",
            "kratos_module" : "KratosMultiphysics",
            "process_name"  : "VtkOutputProcess",
            "Parameters"    : {
                "model_part_name"                             : "Structure",
                "output_control_type"                         : "step",
                "output_interval"                             : 1,
                "file_format"                                 : "ascii",
                "output_precision"                            : 7,
                "output_sub_model_parts"                      : false,
                "output_path"                                 : "vtk_output",
                "save_output_files_in_folder"                 : true,
                "nodal_solution_step_data_variables"          : ["DISPLACEMENT","REACTION"],
                "nodal_data_value_variables"                  : [],
                "element_data_value_variables"                : [],
                "condition_data_value_variables"              : [],
                "gauss_point_variables_extrapolated_to_nodes" : ["CAUCHY_STRESS_TENSOR","VON_MISES_STRESS"]
            }
        }]
    },
    "analysis_stage"   : "KratosMultiphysics.StructuralMechanicsApplication.structural_mechanics_analysis"
}
