{
    "problem_data"     : {
        "problem_name"  : "KratosWorkshop2019_high_rise_building_FSI",
        "parallel_type" : "OpenMP",
        "echo_level"    : 0,
        "start_time"    : 0.0,
        "end_time"      : 25.0
    },
    "solver_settings"  : {
        "solver_type"               : "Partitioned",
        "coupling_scheme"           : "DirichletNeumann",
        "echo_level"                : 1,
        "structure_solver_settings" : {
            "solver_type"                        : "Dynamic",
            "model_part_name"                    : "Structure",
            "domain_size"                        : 2,
            "echo_level"                         : 0,
            "analysis_type"                      : "non_linear",
            "time_integration_method"            : "implicit",
            "scheme_type"                        : "bossak",
            "model_import_settings"              : {
                "input_type"     : "mdpa",
                "input_filename" : "KratosWorkshop2019_high_rise_building_FSI_Structural"
            },
            "material_import_settings"           : {
                "materials_filename" : "StructuralMaterials.json"
            },
            "time_stepping"                      : {
                "time_step" : 0.05
            },
            "convergence_criterion"              : "displacement_criterion",
            "displacement_relative_tolerance"    : 1e-3,
            "displacement_absolute_tolerance"    : 1e-4,
            "residual_relative_tolerance"        : 1e-3,
            "residual_absolute_tolerance"        : 1e-4,
            "max_iteration"                      : 15,
            "rotation_dofs"                      : false
        },
        "fluid_solver_settings"     : {
            "model_part_name"             : "FluidModelPart",
            "domain_size"                 : 2,
            "solver_type"                 : "Monolithic",
            "model_import_settings"       : {
                "input_type"     : "mdpa",
                "input_filename" : "KratosWorkshop2019_high_rise_building_FSI_Fluid"
            },
            "echo_level"                  : 0,
            "compute_reactions"           : true,
            "maximum_iterations"          : 15,
            "relative_velocity_tolerance" : 1e-3,
            "absolute_velocity_tolerance" : 1e-4,
            "relative_pressure_tolerance" : 1e-3,
            "absolute_pressure_tolerance" : 1e-4,
            "volume_model_part_name"      : "Parts_Fluid",
            "skin_parts"                  : ["AutomaticInlet2D_Inlet","Outlet2D_Outlet","Slip2D","FluidNoSlipInterface2D_InterfaceFluid"],
            "no_skin_parts"               : ["ALEMeshDisplacementBC2D_FluidALEMeshBC"],
            "time_stepping"               : {
                "automatic_time_step" : false,
                "time_step"           : 0.05
            },
            "formulation"                 : {
                "element_type"             : "vms",
                "use_orthogonal_subscales" : false,
                "dynamic_tau"              : 1.0
            }
        },
        "mesh_solver_settings"      : {
            "echo_level"      : 0,
            "domain_size"     : 2,
            "model_part_name" : "FluidModelPart",
            "solver_type"     : "structural_similarity"
        },
        "coupling_settings"         : {
            "nl_tol"                       : 1e-6,
            "nl_max_it"                    : 15,
            "solve_mesh_at_each_iteration" : true,
            "mapper_settings"              : [{
                "mapper_face"                           : "unique",
                "fluid_interface_submodelpart_name"     : "FluidModelPart.FluidNoSlipInterface2D_InterfaceFluid",
                "structure_interface_submodelpart_name" : "Structure.StructureInterface2D_InterfaceStructure"
            }],
            "coupling_strategy_settings"   : {
                "solver_type"       : "Relaxation",
                "acceleration_type" : "Aitken",
                "w_0"               : 0.825
            },
            "structure_interfaces_list"    : ["Structure.StructureInterface2D_InterfaceStructure"],
            "fluid_interfaces_list"        : ["FluidModelPart.FluidNoSlipInterface2D_InterfaceFluid"]
        }
    },
    "processes"        : {
        "fluid_initial_conditions_process_list"  : [],
        "fluid_boundary_conditions_process_list" : [{
            "python_module" : "apply_inlet_process",
            "kratos_module" : "KratosMultiphysics.FluidDynamicsApplication",
            "Parameters"    : {
                "model_part_name" : "FluidModelPart.AutomaticInlet2D_Inlet",
                "variable_name"   : "VELOCITY",
                "modulus"         : "25.0*t/10.0",
                "direction"       : "automatic_inwards_normal",
                "interval"        : [0,10.0]
            }
        },{
            "python_module" : "apply_inlet_process",
            "kratos_module" : "KratosMultiphysics.FluidDynamicsApplication",
            "Parameters"    : {
                "model_part_name" : "FluidModelPart.AutomaticInlet2D_Inlet",
                "variable_name"   : "VELOCITY",
                "modulus"         : 25.0,
                "direction"       : "automatic_inwards_normal",
                "interval"        : [10.0,"End"]
            }
        },{
            "python_module" : "apply_outlet_process",
            "kratos_module" : "KratosMultiphysics.FluidDynamicsApplication",
            "Parameters"    : {
                "model_part_name"    : "FluidModelPart.Outlet2D_Outlet",
                "variable_name"      : "PRESSURE",
                "constrained"        : true,
                "value"              : 0.0,
                "hydrostatic_outlet" : false,
                "h_top"              : 0.0
            }
        },{
            "python_module" : "assign_vector_variable_process",
            "kratos_module" : "KratosMultiphysics",
            "Parameters"    : {
                "model_part_name" : "FluidModelPart.ALEMeshDisplacementBC2D_FluidALEMeshBC",
                "variable_name"   : "MESH_DISPLACEMENT",
                "constrained"     : [true,true,true],
                "value"           : [0.0,0.0,0.0],
                "interval"        : [0.0,"End"]
            }
        },{
            "python_module" : "python_process",
            "kratos_module" : "KratosMultiphysics",
            "Parameters"    : {
                "model_part_name" : "FluidModelPart.FluidNoSlipInterface2D_InterfaceFluid"
            }
        },{
            "python_module" : "apply_slip_process",
            "kratos_module" : "KratosMultiphysics.FluidDynamicsApplication",
            "process_name"  : "ApplySlipProcess",
            "Parameters"    : {
                "model_part_name" : "FluidModelPart.Slip2D"
            }
        }],
        "fluid_gravity"                          : [{
            "python_module" : "assign_vector_by_direction_process",
            "kratos_module" : "KratosMultiphysics",
            "process_name"  : "AssignVectorByDirectionProcess",
            "Parameters"    : {
                "model_part_name" : "FluidModelPart.Parts_Fluid",
                "variable_name"   : "BODY_FORCE",
                "modulus"         : 0.0,
                "constrained"     : false,
                "direction"       : [0.0,-1.0,0.0]
            }
        }],
        "fluid_auxiliar_process_list"            : [],
        "structure_constraints_process_list"     : [{
            "python_module" : "assign_vector_variable_process",
            "kratos_module" : "KratosMultiphysics",
            "Parameters"    : {
                "model_part_name" : "Structure.DISPLACEMENT_Ground",
                "variable_name"   : "DISPLACEMENT",
                "constrained"     : [true,true,true],
                "value"           : [0.0,0.0,0.0],
                "interval"        : [0.0,"End"]
            }
        }],
        "structure_loads_process_list"           : [{
            "python_module" : "python_process",
            "kratos_module" : "KratosMultiphysics",
            "Parameters"    : {
                "model_part_name" : "Structure.StructureInterface2D_InterfaceStructure"
            }
        }]
    },
    "output_processes" : {
        "gid_output" : [{
            "python_module" : "gid_output_process",
            "kratos_module" : "KratosMultiphysics",
            "process_name"  : "GiDOutputProcess",
            "help"          : "This process writes postprocessing files for GiD",
            "Parameters"    : {
                "model_part_name"        : "Structure.Parts_Structure",
                "output_name"            : "KratosWorkshop2019_high_rise_building_FSI_structure",
                "postprocess_parameters" : {
                    "result_file_configuration" : {
                        "gidpost_flags"       : {
                            "GiDPostMode"           : "GiD_PostBinary",
                            "WriteDeformedMeshFlag" : "WriteDeformed",
                            "WriteConditionsFlag"   : "WriteConditions",
                            "MultiFileFlag"         : "SingleFile"
                        },
                        "file_label"          : "step",
                        "output_control_type" : "time",
                        "output_interval"     : 1.0,
                        "body_output"         : true,
                        "node_output"         : false,
                        "skin_output"         : false,
                        "plane_output"        : [],
                        "nodal_results"       : ["DISPLACEMENT","REACTION","VELOCITY","ACCELERATION"],
                        "gauss_point_results" : ["VON_MISES_STRESS"]
                    },
                    "point_data_configuration"  : []
                }
            }
        },{
            "python_module" : "gid_output_process",
            "kratos_module" : "KratosMultiphysics",
            "process_name"  : "GiDOutputProcess",
            "help"          : "This process writes postprocessing files for GiD",
            "Parameters"    : {
                "model_part_name"        : "FluidModelPart.fluid_computational_model_part",
                "output_name"            : "KratosWorkshop2019_high_rise_building_FSI_fluid",
                "postprocess_parameters" : {
                    "result_file_configuration" : {
                        "gidpost_flags"       : {
                            "GiDPostMode"           : "GiD_PostBinary",
                            "WriteDeformedMeshFlag" : "WriteDeformed",
                            "WriteConditionsFlag"   : "WriteConditions",
                            "MultiFileFlag"         : "SingleFile"
                        },
                        "file_label"          : "time",
                        "output_control_type" : "time",
                        "output_interval"     : 1.0,
                        "body_output"         : true,
                        "node_output"         : false,
                        "skin_output"         : false,
                        "plane_output"        : [],
                        "nodal_results"       : ["VELOCITY","PRESSURE","MESH_DISPLACEMENT"],
                        "gauss_point_results" : []
                    },
                    "point_data_configuration"  : []
                }
            }
        }]
    }
}
